25-09-2017,-15.14,7-ELEVEN 2180 ASHFIELD
25-09-2017,-200,BUNNINGS 572000 PENRITH
25-09-2017,-15.08,COLES EXPRESS 1557 MINTO
25-09-2017,-8.9,PATEL CONVENIENCE ST ASHFIELD
25-09-2017,-12,ADRIANO ZUMBO PATISS SYDNEY
25-09-2017,-7.5,DAVID TRACY INVESTMENT SYDNEY
25-09-2017,-14.5,TOP JUICE MLC CENTRE SYDNEY
25-09-2017,-3,ADRIANO ZUMBO PATISS SYDNEY
25-09-2017,-29.75,IGNACIO AUST PTY LTD ASHFIELD
25-09-2017,-40,TRANSPORT FOR NSW-OPAL CHIPPENDALE
25-09-2017,-5.8,CHOCOLAT AT THE QUAY SYDNEY
25-09-2017,-15,FOREVER TWENTY ONE BANKSTOWN
22-09-2017,-34,HOMEBUSH HALAL MEATS ASHFIELD
22-09-2017,-26.4,COLES 0791 ASHFIELD
22-09-2017,-8.5,Pablo & Rusty's 161 North Ryde
22-09-2017,-6.1,HJ CIRCULAR QUAY CIRCULAR QUAY
21-09-2017,-20.3,PATEL CONVENIENCE ST ASHFIELD
21-09-2017,-11,THE BODY SHOP SYDNEY SYDNEY
21-09-2017,-6,AD S KITCHEN ASHFIELD
21-09-2017,-3,CHOCOLAT AT THE QUAY SYDNEY
21-09-2017,-105,ALLANS BILLY HYDE SYDNEY
21-09-2017,-40,TRANSPORT FOR NSW-OPAL CHIPPENDALE
19-09-2017,-6,Nutorious Sydney
19-09-2017,-19.86,BUNNINGS 595000 ASHFIELD
19-09-2017,-39.85,DISC PARTY WHSE LIDCOMBE
19-09-2017,-71.93,JACQUELINE EVE 564 BURWOOD
19-09-2017,-12.98,ALEXANDRIA IMEX PL ASHFIELD
19-09-2017,-10.06,CALTEX CONCORD CONCORD
18-09-2017,-3,WESTFIELD BURWOOD BURWOOD
18-09-2017,-15.75,TAIMEI BUSINESS PTY ASHFIELD
18-09-2017,-32,KABUL TASTE PTY LTD AUBURN
18-09-2017,-27,TARGET 5171 BURWOOD
18-09-2017,-61,TARGET 5171 BURWOOD
18-09-2017,-46,TARGET 5171 BURWOOD
18-09-2017,-13.5,MEDUSA GREEK MEZE SYDNEY
18-09-2017,-2.5,CHOCOLAT AT THE QUAY SYDNEY
18-09-2017,-40.18,RMS ETOLL PH 131865 PARRAMATTA
18-09-2017,-16,CBD NOODLES SYDNEY
18-09-2017,-24.4,Ogalos Darlinghurst Darlinghurst
18-09-2017,-28.36,IGNACIO AUST PTY LTD ASHFIELD
18-09-2017,-40,TRANSPORT FOR NSW-OPAL CHIPPENDALE
18-09-2017,-3,CHOCOLAT AT THE QUAY SYDNEY
18-09-2017,-5.8,HJ CIRCULAR QUAY CIRCULAR QUAY
18-09-2017,-9.9,ASHFIELD BEST MEATS ASHFIELD
15-09-2017,-42.09,COLES 0791 ASHFIELD
15-09-2017,-10.6,ROSSINI AT THE QUAY SYDNEY
15-09-2017,-4,WOOLWORTHS 1248 SYDNEY
15-09-2017,-72.88,ENERGYAUSTRALIA PTY LT MELBOURNE
14-09-2017,-36,PATEL CONVENIENCE ST ASHFIELD
14-09-2017,-7.4,GG 151 Castlereagh St Sydney
14-09-2017,-9.9,BEKYA GATEWAY Sydney
14-09-2017,-40,TRANSPORT FOR NSW-OPAL CHIPPENDALE
13-09-2017,-8,GG 151 Castlereagh St Sydney
13-09-2017,-5.5,CHOCOLAT AT THE QUAY SYDNEY
13-09-2017,-3.5,Benchmark Espresso SYDNEY
13-09-2017,-7.5,DAVID TRACY INVESTMENT SYDNEY
13-09-2017,-14.8,DIN TAI FUNG SYDNEY
11-09-2017,2803.02,PAYMENT THANKYOU 261068
11-09-2017,-22.7,COLES 0791 ASHFIELD
11-09-2017,-43.5,Harbourview Takeaway Shellharbour
11-09-2017,-23.85,IGNACIO AUST PTY LTD ASHFIELD
11-09-2017,-4.5,BEAN CONNECTED SYDNEY
11-09-2017,-40,TRANSPORT FOR NSW-OPAL CHIPPENDALE
08-09-2017,-17.5,COLES 0791 ASHFIELD
08-09-2017,-6.1,HJ CIRCULAR QUAY CIRCULAR QUAY
07-09-2017,-69.99,TPG Internet PTY LTD North Ryde
07-09-2017,-7.5,FANG FAN PTY LTD SYDNEY
07-09-2017,-5,LUNEBURGER PTY LTD SYDNEY
07-09-2017,-3165.42,AIRASIA X ON5IGD PAYPAL COM
07-09-2017,-6.3,DESHI GROCERIES ASHFIELD
06-09-2017,-19.5,PATEL CONVENIENCE ST ASHFIELD
06-09-2017,-40,TRANSPORT FOR NSW-OPAL CHIPPENDALE
06-09-2017,-3,WOOLWORTHS 1248 SYDNEY
06-09-2017,-7,HJ MARULAN NORTH MARULAN
06-09-2017,-64.45,PANTANOS BAR & GRILL BATHURST
05-09-2017,-3.5,Grounds of The City Sydney
05-09-2017,-20.08,BP EXP MARULAN 2330 MARULAN NORTH
05-09-2017,-39.1,SHELL TOLLAND TOLLAND
05-09-2017,-14,RIVERS BATHURST BATHURST
05-09-2017,-3.4,DONUT KING BCC BATHURST
05-09-2017,-3.5,NEWMANS FUELS BLAYNEY
04-09-2017,-2.59,WOOLWORTHS 1167 BATHURST
04-09-2017,-39.71,7-ELEVEN 2201 BURWOOD
04-09-2017,-10,ENFES KEBABS SYDNEY
04-09-2017,-10,LUNEBURGER PTY LTD SYDNEY
04-09-2017,-25,AMAYSIM AUSTRALIA LIMI SYDNEY
04-09-2017,-40,TRANSPORT FOR NSW-OPAL CHIPPENDALE
04-09-2017,-168.98,BUNNINGS 595000 ASHFIELD
01-09-2017,-3.5,Indian Street Food Sydney
01-09-2017,-12.4,Indian Street Food Sydney
01-09-2017,-5,LUNEBURGER PTY LTD SYDNEY
01-09-2017,-23.35,BBC - World Square Sydney
01-09-2017,-2.5,CHOCOLAT AT THE QUAY SYDNEY
01-09-2017,-9.2,HJ CIRCULAR QUAY CIRCULAR QUAY
01-09-2017,-291.6,THE MUGLAN SYDNEY
30-08-2017,-5,LUNEBURGER PTY LTD SYDNEY
30-08-2017,-12.36,WOOLWORTHS 1248 SYDNEY
30-08-2017,-5,QUAY PHARMACY SYDNEY
30-08-2017,-8.5,QT SYDNEY SYDNEY
30-08-2017,-41.3,URBAN ARTISANS PL ASHFIELD
30-08-2017,-20.14,IGNACIO AUST PTY LTD ASHFIELD
29-08-2017,-31.7,PATEL CONVENIENCE ST ASHFIELD
29-08-2017,-92.7,PAYPAL *UDEMY 4029357733
29-08-2017,-21.2,TAIMEI BUSINESS PTY ASHFIELD
29-08-2017,-10,PATEL CONVENIENCE ST ASHFIELD
28-08-2017,-6,KMART 1076 ASHFIELD
28-08-2017,-14.93,BUNNINGS 595000 ASHFIELD
28-08-2017,-36.01,COLES 0791 ASHFIELD
28-08-2017,-3.7,CHOCOLAT AT THE QUAY SYDNEY
28-08-2017,-44.98,P AND S DOWNTOWN SOUVE SYDNEY
28-08-2017,-4.95,HJ CIRCULAR QUAY CIRCULAR QUAY
28-08-2017,-3.5,LUNEBURGER PTY LTD SYDNEY
28-08-2017,-17.5,MAD MEX AMP PLAZA SYDNEY
28-08-2017,-6.3,ROYAL COPENHAGEN CIR SYDNEY
28-08-2017,-50,EXPERIENCE THIS SYDNEY
28-08-2017,-40,TRANSPORT FOR NSW-OPAL CHIPPENDALE
28-08-2017,-8.5,QT SYDNEY SYDNEY
28-08-2017,-9.17,GITHUB.COM CLN2E 4154486673 7.00 USD 0.27 AUD
28-08-2017,-3,WOOLWORTHS 1248 SYDNEY
28-08-2017,-3,QUAY PHARMACY SYDNEY
28-08-2017,-15.65,CRITERION HOTEL SYDNEY
28-08-2017,-40,TRANSPORT FOR NSW-OPAL CHIPPENDALE
25-08-2017,-3.5,QUAY PHARMACY SYDNEY
24-08-2017,-7.9,QT SYDNEY SYDNEY
23-08-2017,-4,CHOCOLAT AT THE QUAY SYDNEY
23-08-2017,-5.5,CHOCOLAT AT THE QUAY SYDNEY
23-08-2017,-3.5,QUAY PHARMACY SYDNEY
23-08-2017,-28.88,IGNACIO AUST PTY LTD ASHFIELD
23-08-2017,-19.96,ALDI STORES ASHFIELD
23-08-2017,-32.1,NEW SHAKTHI TAKE AWY HOMEBUSH
22-08-2017,-19.57,PAYPAL *UDEMY 4029357733
22-08-2017,-8.5,THE REJECT SHOP 0256 ASHFIELD
22-08-2017,-58.5,M.J.BALE DFO HOMEBUS HOMEBUSH
22-08-2017,-129,RALPH LAUREN HOMEBUSH
22-08-2017,-40,STEPHEN CHUNGHAN YOON SYDNEY OLYMPI
22-08-2017,-20.97,PORTMANS A43 HOMEBUSH
21-08-2017,-28.87,COLES 0791 ASHFIELD
21-08-2017,-20.4,POINT PARKING PTY LTD DRUMMOYNE
21-08-2017,-29.6,THUMB UP FOOD GROUP SYDNEY
21-08-2017,-7.5,DAVID TRACY INVESTMENT SYDNEY
21-08-2017,-40,TRANSPORT FOR NSW-OPAL CHIPPENDALE